ID,coppaRisk
2807,TRUE
1742,TRUE
806,TRUE
2635,TRUE
9047,TRUE
3048,TRUE
4691,TRUE
1346,TRUE
7045,TRUE
958,TRUE
331,TRUE
1680,TRUE
7086,TRUE
1699,TRUE
8360,TRUE
5846,TRUE
8630,TRUE
8723,TRUE
6489,TRUE
8746,TRUE
7155,TRUE
1253,TRUE
8529,TRUE
2154,TRUE
1643,TRUE
1543,TRUE
2560,TRUE
3083,TRUE
1631,TRUE
4456,TRUE
8915,TRUE
3411,TRUE
1062,TRUE
6219,TRUE
3621,TRUE
3874,TRUE
5246,TRUE
8130,TRUE
8776,TRUE
7012,TRUE
5252,TRUE
2577,TRUE
1138,TRUE
4404,TRUE
6996,TRUE
3530,TRUE
9679,TRUE
6482,TRUE
74,TRUE
7103,TRUE
1483,TRUE
6244,TRUE
1184,TRUE
8362,TRUE
3503,TRUE
4665,TRUE
439,TRUE
733,TRUE
1308,TRUE
286,TRUE
7345,TRUE
7662,TRUE
7063,TRUE
1492,TRUE
957,TRUE
963,TRUE
6499,TRUE
7530,TRUE
541,TRUE
3020,TRUE
8213,TRUE
72,TRUE
2427,TRUE
4038,TRUE
1781,TRUE
4085,TRUE
4390,TRUE
9295,TRUE
6324,TRUE
4899,TRUE
1359,TRUE
8024,TRUE
8558,TRUE
8709,TRUE
9947,TRUE
3864,TRUE
7484,TRUE
2251,TRUE
1920,TRUE
6142,TRUE
8969,TRUE
2782,TRUE
7214,TRUE
2397,TRUE
7631,TRUE
3086,TRUE
8316,TRUE
2528,TRUE
3286,TRUE
2901,TRUE
956,TRUE
726,TRUE
3308,TRUE
9913,TRUE
6432,TRUE
2521,TRUE
4536,TRUE
6431,TRUE
419,TRUE
5206,TRUE
5329,TRUE
9568,TRUE
1020,TRUE
8027,TRUE
7687,TRUE
5545,TRUE
6319,TRUE
9068,TRUE
5499,TRUE
4807,TRUE
7757,TRUE
3271,TRUE
4166,TRUE
5230,TRUE
3689,TRUE
5288,TRUE
1917,TRUE
1027,TRUE
3158,TRUE
8177,TRUE
3958,TRUE
3291,TRUE
6349,TRUE
7727,TRUE
4890,TRUE
8519,TRUE
9897,TRUE
5278,TRUE
4724,TRUE
3815,TRUE
7588,TRUE
1506,TRUE
8318,TRUE
5530,TRUE
1748,TRUE
152,TRUE
3423,TRUE
4629,TRUE
6390,TRUE
1566,TRUE
6716,TRUE
3603,TRUE
2806,TRUE
1037,TRUE
8627,TRUE
155,TRUE
8193,TRUE
8259,TRUE
2837,TRUE
2069,TRUE
529,TRUE
1493,TRUE
5773,TRUE
3949,TRUE
1805,TRUE
7151,TRUE
3237,TRUE
7902,TRUE
7865,TRUE
1565,TRUE
1904,TRUE
3792,TRUE
1151,TRUE
9660,TRUE
4563,TRUE
2218,TRUE
9092,TRUE
8336,TRUE
3157,TRUE
1795,TRUE
4644,TRUE
8001,TRUE
7359,TRUE
7258,TRUE
8585,TRUE
2182,TRUE
9021,TRUE
6348,TRUE
9027,TRUE
1652,TRUE
9059,TRUE
6774,TRUE
5026,TRUE
5919,TRUE
5195,TRUE
3832,TRUE
7418,TRUE
4015,TRUE
1388,TRUE
4122,TRUE
5217,TRUE
7906,TRUE
6742,TRUE
7574,TRUE
1404,TRUE
9531,TRUE
6866,TRUE
2158,TRUE
9256,TRUE
2130,TRUE
9852,TRUE
2581,TRUE
5095,TRUE
7837,TRUE
9912,TRUE
7827,TRUE
3382,TRUE
5551,TRUE
9875,TRUE
4491,TRUE
3720,TRUE
9909,TRUE
1892,TRUE
9505,TRUE
4019,TRUE
8826,TRUE
3178,TRUE
9188,TRUE
4855,TRUE
420,TRUE
3270,TRUE
1725,TRUE
2815,TRUE
1850,TRUE
7186,TRUE
7770,TRUE
378,TRUE
5498,TRUE
1409,TRUE
9685,TRUE
575,TRUE
8762,TRUE
3836,TRUE
7936,TRUE
7017,TRUE
2518,TRUE
7733,TRUE
2702,TRUE
8925,TRUE
8461,TRUE
4134,TRUE
6197,TRUE
5231,TRUE
2507,TRUE
2921,TRUE
7851,TRUE
4128,TRUE
519,TRUE
4964,TRUE
2818,TRUE
3441,TRUE
2488,TRUE
1382,TRUE
2583,TRUE
6631,TRUE
7112,TRUE
2018,TRUE
2505,TRUE
5149,TRUE
9814,TRUE
2243,TRUE
5953,TRUE
629,TRUE
3079,TRUE
3639,TRUE
7790,TRUE
6174,TRUE
8953,TRUE
6087,TRUE
9765,TRUE
3943,TRUE
4130,TRUE
2213,TRUE
8386,TRUE
8850,TRUE
1046,TRUE
7556,TRUE
4650,TRUE
7170,TRUE
8751,TRUE
5889,TRUE
3823,TRUE
2160,TRUE
6426,TRUE
9475,TRUE
4245,TRUE
9726,TRUE
3367,TRUE
769,TRUE
7456,TRUE
2312,TRUE
5245,TRUE
3348,TRUE
7720,TRUE
8459,TRUE
1257,TRUE
2331,TRUE
1185,TRUE
5840,TRUE
2828,TRUE
1853,TRUE
5988,TRUE
5973,TRUE
9271,TRUE
3599,TRUE
6457,TRUE
930,TRUE
4633,TRUE
8192,TRUE
8149,TRUE
6723,TRUE
9659,TRUE
1538,TRUE
5915,TRUE
3571,TRUE
4049,TRUE
3672,TRUE
2257,TRUE
4744,TRUE
8708,TRUE
8162,TRUE
9327,TRUE
9896,TRUE
7340,TRUE
8743,TRUE
1016,TRUE
8717,TRUE
6767,TRUE
5500,TRUE
8237,TRUE
9012,TRUE
7828,TRUE
6025,TRUE
5608,TRUE
6993,TRUE
6301,TRUE
6615,TRUE
7427,TRUE
979,TRUE
3416,TRUE
9977,TRUE
9706,TRUE
4920,TRUE
9582,TRUE
5933,TRUE
4672,TRUE
716,TRUE
3940,TRUE
6893,TRUE
3092,TRUE
2919,TRUE
6544,TRUE
7613,TRUE
2131,TRUE
1790,TRUE
2304,TRUE
6530,TRUE
5839,TRUE
13,TRUE
353,TRUE
6704,TRUE
4774,TRUE
6370,TRUE
2639,TRUE
5297,TRUE
6396,TRUE
1377,TRUE
5058,TRUE
4740,TRUE
881,TRUE
7102,TRUE
2437,TRUE
2598,TRUE
5249,TRUE
5548,TRUE
5331,TRUE
4796,TRUE
8168,TRUE
2256,TRUE
2025,TRUE
2281,TRUE
9980,TRUE
2954,TRUE
6853,TRUE
9684,TRUE
1885,TRUE
2171,TRUE
1831,TRUE
1077,TRUE
9591,TRUE
8032,TRUE
6394,TRUE
7310,TRUE
8101,TRUE
2,TRUE
6104,TRUE
380,TRUE
6408,TRUE
9719,TRUE
6137,TRUE
7587,TRUE
7866,TRUE
6328,TRUE
7756,TRUE
7655,TRUE
212,TRUE
8596,TRUE
9887,TRUE
6682,TRUE
4176,TRUE
700,TRUE
6543,TRUE
6229,TRUE
7559,TRUE
2015,TRUE
2493,TRUE
5655,TRUE
6931,TRUE
7868,TRUE
7759,TRUE
3806,TRUE
6731,TRUE
2529,TRUE
3400,TRUE
654,TRUE
1792,TRUE
5977,TRUE
3343,TRUE
2477,TRUE
3790,TRUE
4634,TRUE
1058,TRUE
1820,TRUE
250,TRUE
1727,TRUE
7900,TRUE
4499,TRUE
9118,TRUE
5380,TRUE
6083,TRUE
6063,TRUE
6519,TRUE
2482,TRUE
3166,TRUE
3933,TRUE
66,TRUE
8593,TRUE
5171,TRUE
9479,TRUE
6243,TRUE
5665,TRUE
2016,TRUE
2556,TRUE
6325,TRUE
5411,TRUE
7420,TRUE
8427,TRUE
5020,TRUE
1066,TRUE
7396,TRUE
6955,TRUE
2949,TRUE
5039,TRUE
8436,TRUE
2396,TRUE
5068,TRUE
3838,TRUE
7809,TRUE
3749,TRUE
8668,TRUE
1789,TRUE
8913,TRUE
4163,TRUE
1561,TRUE
1649,TRUE
9941,TRUE
6815,TRUE
9069,TRUE
4087,TRUE
6491,TRUE
9518,TRUE
3501,TRUE
8911,TRUE
6675,TRUE
3422,TRUE
7661,TRUE
2032,TRUE
2209,TRUE
1819,TRUE
9752,TRUE
891,TRUE
4673,TRUE
810,TRUE
9717,TRUE
4987,TRUE
1201,TRUE
3397,TRUE
1848,TRUE
8905,TRUE
326,TRUE
8069,TRUE
2988,TRUE
5862,TRUE
6749,TRUE
2045,TRUE
424,TRUE
1694,TRUE
6823,TRUE
2941,TRUE
7417,TRUE
8728,TRUE
624,TRUE
205,TRUE
1009,TRUE
1239,TRUE
9689,TRUE
6016,TRUE
2712,TRUE
1627,TRUE
3487,TRUE
7991,TRUE
4194,TRUE
3544,TRUE
3194,TRUE
3827,TRUE
8497,TRUE
4089,TRUE
6563,TRUE
2986,TRUE
2872,TRUE
8025,TRUE
4792,TRUE
3406,TRUE
3187,TRUE
1089,TRUE
2895,TRUE
9946,TRUE
5957,TRUE
4375,TRUE
4747,TRUE
2105,TRUE
2774,TRUE
1053,TRUE
1603,TRUE
7338,TRUE
4483,TRUE
1844,TRUE
7503,TRUE
2874,TRUE
8603,TRUE
8369,TRUE
3757,TRUE
7760,TRUE
2210,TRUE
9039,TRUE
4923,TRUE
409,TRUE
3604,TRUE
2645,TRUE
7930,TRUE
6789,TRUE
77,TRUE
4906,TRUE
1743,TRUE
5172,TRUE
8030,TRUE
666,TRUE
6435,TRUE
6940,TRUE
5552,TRUE
4537,TRUE
7061,TRUE
7092,TRUE
4891,TRUE
2726,TRUE
9965,TRUE
3535,TRUE
6220,TRUE
3299,TRUE
2891,TRUE
5924,TRUE
3676,TRUE
3504,TRUE
3624,TRUE
1674,TRUE
4968,TRUE
8763,TRUE
9861,TRUE
2367,TRUE
4257,TRUE
7576,TRUE
4370,TRUE
752,TRUE
535,TRUE
4758,TRUE
2650,TRUE
9695,TRUE
4045,TRUE
3011,TRUE
355,TRUE
6926,TRUE
1556,TRUE
4223,TRUE
2922,TRUE
1512,TRUE
9546,TRUE
4990,TRUE
6803,TRUE
1372,TRUE
7445,TRUE
554,TRUE
4777,TRUE
299,TRUE
7594,TRUE
6506,TRUE
8885,TRUE
7281,TRUE
9881,TRUE
6224,TRUE
6821,TRUE
6916,TRUE
1042,TRUE
4465,TRUE
2594,TRUE
1918,TRUE
8577,TRUE
5897,TRUE
6867,TRUE
1268,TRUE
2447,TRUE
801,TRUE
1985,TRUE
6782,TRUE
8216,TRUE
7313,TRUE
7899,TRUE
3208,TRUE
4646,TRUE
4300,TRUE
528,TRUE
8223,TRUE
728,TRUE
4666,TRUE
9276,TRUE
9701,TRUE
2416,TRUE
5628,TRUE
8827,TRUE
9818,TRUE
1796,TRUE
1321,TRUE
5300,TRUE
2490,TRUE
6680,TRUE
9589,TRUE
6466,TRUE
3119,TRUE
4706,TRUE
4635,TRUE
5799,TRUE
2694,TRUE
4149,TRUE
1497,TRUE
608,TRUE
9197,TRUE
1650,TRUE
2616,TRUE
8399,TRUE
7754,TRUE
1369,TRUE
5790,TRUE
5089,TRUE
3278,TRUE
3774,TRUE
7364,TRUE
4942,TRUE
4887,TRUE
1446,TRUE
8265,TRUE
432,TRUE
7732,TRUE
1293,TRUE
6433,TRUE
3670,TRUE
6418,TRUE
3215,TRUE
2135,TRUE
8551,TRUE
7738,TRUE
3923,TRUE
4944,TRUE
2890,TRUE
8712,TRUE
6637,TRUE
8611,TRUE
9083,TRUE
8105,TRUE
4590,TRUE
5,TRUE
4869,TRUE
2374,TRUE
8021,TRUE
5814,TRUE
3112,TRUE
8532,TRUE
9057,TRUE
7482,TRUE
1090,TRUE
527,TRUE
5503,TRUE
1722,TRUE
6552,TRUE
2315,TRUE
5314,TRUE
2342,TRUE
5937,TRUE
1287,TRUE
6841,TRUE
1,TRUE
4008,TRUE
6569,TRUE
7957,TRUE
3740,TRUE
1355,TRUE
4315,TRUE
7686,TRUE
2769,TRUE
669,TRUE
4070,TRUE
377,TRUE
113,TRUE
2424,TRUE
7435,TRUE
2155,TRUE
4341,TRUE
2479,TRUE
414,TRUE
3108,TRUE
3370,TRUE
3128,TRUE
9862,TRUE
2659,TRUE
4793,TRUE
1353,TRUE
4377,TRUE
5091,TRUE
3957,TRUE
9359,TRUE
3947,TRUE
5526,TRUE
8731,TRUE
4160,TRUE
7789,TRUE
615,TRUE
730,TRUE
5128,TRUE
9633,TRUE
8563,TRUE
4430,TRUE
5563,TRUE
8034,TRUE
4091,TRUE
674,TRUE
8530,TRUE
8397,TRUE
1166,TRUE
3980,TRUE
636,TRUE
5490,TRUE
5416,TRUE
3180,TRUE
4259,TRUE
2456,TRUE
8252,TRUE
178,TRUE
7049,TRUE
6719,TRUE
7184,TRUE
1025,TRUE
2494,TRUE
4056,TRUE
6937,TRUE
560,TRUE
2555,TRUE
6258,TRUE
8211,TRUE
3071,TRUE
8345,TRUE
4349,TRUE
766,TRUE
8571,TRUE
1916,TRUE
469,TRUE
1049,TRUE
4571,TRUE
9325,TRUE
6974,TRUE
6047,TRUE
7549,TRUE
762,TRUE
6611,TRUE
7074,TRUE
5262,TRUE
9484,TRUE
1083,TRUE
2497,TRUE
94,TRUE
8862,TRUE
6214,TRUE
8325,TRUE
517,TRUE
2394,TRUE
9976,TRUE
873,TRUE
6752,TRUE
1845,TRUE
530,TRUE
4866,TRUE
8061,TRUE
4710,TRUE
2590,TRUE
589,TRUE
7451,TRUE
1932,TRUE
2783,TRUE
706,TRUE
5063,TRUE
6072,TRUE
6066,TRUE
9284,TRUE
8781,TRUE
8641,TRUE
5253,TRUE
7010,TRUE
7637,TRUE
489,TRUE
7324,TRUE
9321,TRUE
3004,TRUE
5420,TRUE
7371,TRUE
4101,TRUE
6008,TRUE
5117,TRUE
1467,TRUE
8095,TRUE
3714,TRUE
2637,TRUE
2107,TRUE
870,TRUE
703,TRUE
1305,TRUE
4928,TRUE
6369,TRUE
3452,TRUE
2958,TRUE
4360,TRUE
105,TRUE
407,TRUE
8131,TRUE
6179,TRUE
2855,TRUE
2640,TRUE
714,TRUE
3899,TRUE
1784,TRUE
3679,TRUE
5703,TRUE
6398,TRUE
1710,TRUE
1064,TRUE
3866,TRUE
3891,TRUE
8390,TRUE
5423,TRUE
8875,TRUE
9784,TRUE
2012,TRUE
8754,TRUE
9772,TRUE
5286,TRUE
2584,TRUE
3007,TRUE
5767,TRUE
9421,TRUE
8333,TRUE
9558,TRUE
6249,TRUE
3627,TRUE
9225,TRUE
5605,TRUE
8994,TRUE
4028,TRUE
9787,TRUE
3185,TRUE
1934,TRUE
1926,TRUE
4461,TRUE
3385,TRUE
6360,TRUE
5373,TRUE
4195,TRUE
4120,TRUE
5650,TRUE
9705,TRUE
2093,TRUE
3903,TRUE
852,TRUE
4110,TRUE
4690,TRUE
2151,TRUE
5183,TRUE
739,TRUE
7835,TRUE
9791,TRUE
8841,TRUE
6818,TRUE
4044,TRUE
9372,TRUE
9299,TRUE
3896,TRUE
410,TRUE
3738,TRUE
8909,TRUE
3908,TRUE
6364,TRUE
6659,TRUE
3009,TRUE
4203,TRUE
1771,TRUE
9762,TRUE
9766,TRUE
8859,TRUE
8442,TRUE
9428,TRUE
1624,TRUE
5182,TRUE
8310,TRUE
1663,TRUE
1168,TRUE
9694,TRUE
9824,TRUE
473,TRUE
1169,TRUE
9906,TRUE
6725,TRUE
8791,TRUE
7183,TRUE
3383,TRUE
3462,TRUE
8639,TRUE
217,TRUE
7488,TRUE
5427,TRUE
7428,TRUE
5990,TRUE
1763,TRUE
8834,TRUE
9530,TRUE
3358,TRUE
27,TRUE
8253,TRUE
321,TRUE
5868,TRUE
1119,TRUE
3626,TRUE
7806,TRUE
6633,TRUE
459,TRUE
3361,TRUE
4484,TRUE
9607,TRUE
2652,TRUE
9757,TRUE
6977,TRUE
4172,TRUE
3747,TRUE
9398,TRUE
6051,TRUE
2322,TRUE
1161,TRUE
829,TRUE
634,TRUE
8889,TRUE
8484,TRUE
4372,TRUE
7774,TRUE
3240,TRUE
3044,TRUE
1855,TRUE
5130,TRUE
8405,TRUE
9739,TRUE
2334,TRUE
8858,TRUE
3255,TRUE
6712,TRUE
2926,TRUE
4736,TRUE
9269,TRUE
820,TRUE
7374,TRUE
3964,TRUE
1162,TRUE
5684,TRUE
7078,TRUE
557,TRUE
7491,TRUE
317,TRUE
8783,TRUE
9878,TRUE
551,TRUE
1793,TRUE
929,TRUE
1833,TRUE
4112,TRUE
3051,TRUE
5619,TRUE
1901,TRUE
3177,TRUE
422,TRUE
7357,TRUE
6118,TRUE
8960,TRUE
6043,TRUE
8581,TRUE
9340,TRUE
3405,TRUE
2487,TRUE
7901,TRUE
9905,TRUE
3164,TRUE
1092,TRUE
6888,TRUE
8608,TRUE
259,TRUE
3739,TRUE
8017,TRUE
4323,TRUE
3264,TRUE
2172,TRUE
924,TRUE
7643,TRUE
8615,TRUE
5762,TRUE
8132,TRUE
5886,TRUE
5744,TRUE
1348,TRUE
1485,TRUE
4433,TRUE
552,TRUE
895,TRUE
9502,TRUE
2951,TRUE
9756,TRUE
5215,TRUE
3637,TRUE
8642,TRUE
7761,TRUE
6529,TRUE
309,TRUE
8136,TRUE
3425,TRUE
1368,TRUE
2049,TRUE
342,TRUE
1107,TRUE
9742,TRUE
2717,TRUE
1981,TRUE
9067,TRUE
1896,TRUE
2197,TRUE
6605,TRUE
4222,TRUE
5150,TRUE
5199,TRUE
6924,TRUE
7020,TRUE
4589,TRUE
4626,TRUE
5323,TRUE
148,TRUE
53,TRUE
2088,TRUE
9303,TRUE
5855,TRUE
7219,TRUE
387,TRUE
5158,TRUE
5316,TRUE
4582,TRUE
8275,TRUE
11,TRUE
7538,TRUE
6444,TRUE
1569,TRUE
2501,TRUE
8713,TRUE
5120,TRUE
7469,TRUE
6471,TRUE
9243,TRUE
3841,TRUE
3073,TRUE
2433,TRUE
1830,TRUE
6413,TRUE
1542,TRUE
481,TRUE
1597,TRUE
240,TRUE
3476,TRUE
1103,TRUE
6630,TRUE
332,TRUE
9843,TRUE
7213,TRUE
2400,TRUE
3540,TRUE
4902,TRUE
5401,TRUE
3277,TRUE
5479,TRUE
732,TRUE
9780,TRUE
1087,TRUE
4808,TRUE
1223,TRUE
2496,TRUE
1389,TRUE
6550,TRUE
5525,TRUE
3588,TRUE
8796,TRUE
2444,TRUE
9184,TRUE
1335,TRUE
2119,TRUE
5334,TRUE
8055,TRUE
8600,TRUE
2380,TRUE
9471,TRUE
5625,TRUE
8401,TRUE
7384,TRUE
5687,TRUE
3648,TRUE
6207,TRUE
5184,TRUE
3633,TRUE
2948,TRUE
6730,TRUE
8007,TRUE
7144,TRUE
4399,TRUE
5966,TRUE
5734,TRUE
8022,TRUE
2848,TRUE
9028,TRUE
6760,TRUE
1393,TRUE
1688,TRUE
5391,TRUE
2880,TRUE
3451,TRUE
3728,TRUE
2627,TRUE
995,TRUE
1634,TRUE
7413,TRUE
3121,TRUE
819,TRUE
2285,TRUE
6150,TRUE
7124,TRUE
2360,TRUE
3883,TRUE
5282,TRUE
1419,TRUE
390,TRUE
1427,TRUE
3279,TRUE
8800,TRUE
2603,TRUE
1767,TRUE
9506,TRUE
9925,TRUE
3338,TRUE
131,TRUE
9911,TRUE
1995,TRUE
4978,TRUE
3686,TRUE
228,TRUE
8102,TRUE
2936,TRUE
1332,TRUE
2443,TRUE
7087,TRUE
7351,TRUE
5256,TRUE
9453,TRUE
9422,TRUE
2666,TRUE
7872,TRUE
1628,TRUE
981,TRUE
4041,TRUE
643,TRUE
8282,TRUE
898,TRUE
162,TRUE
1111,TRUE
8559,TRUE
7561,TRUE
6238,TRUE
7522,TRUE
8688,TRUE
8525,TRUE
9334,TRUE
917,TRUE
442,TRUE
9033,TRUE
2348,TRUE
356,TRUE
9167,TRUE
8678,TRUE
204,TRUE
6201,TRUE
4290,TRUE
471,TRUE
6943,TRUE
659,TRUE
9687,TRUE
3955,TRUE
5679,TRUE
1987,TRUE
9052,TRUE
4406,TRUE
5016,TRUE
5597,TRUE
9373,TRUE
4031,TRUE
9950,TRUE
406,TRUE
5696,TRUE
4301,TRUE
222,TRUE
2523,TRUE
9521,TRUE
5896,TRUE
4173,TRUE
6886,TRUE
3247,TRUE
5853,TRUE
8064,TRUE
9438,TRUE
7887,TRUE
1342,TRUE
1370,TRUE
1091,TRUE
64,TRUE
5179,TRUE
8664,TRUE
7047,TRUE
3183,TRUE
8460,TRUE
1086,TRUE
4843,TRUE
4991,TRUE
140,TRUE
6007,TRUE
1228,TRUE
7391,TRUE
8258,TRUE
7246,TRUE
3221,TRUE
7316,TRUE
186,TRUE
4171,TRUE
1626,TRUE
3663,TRUE
3680,TRUE
4943,TRUE
3953,TRUE
5586,TRUE
6253,TRUE
7583,TRUE
2992,TRUE
4837,TRUE
3741,TRUE
9015,TRUE
1210,TRUE
3546,TRUE
169,TRUE
7782,TRUE
4016,TRUE
8190,TRUE
5781,TRUE
9241,TRUE
8220,TRUE
3602,TRUE
2495,TRUE
3848,TRUE
2553,TRUE
9597,TRUE
4480,TRUE
2364,TRUE
507,TRUE
3142,TRUE
853,TRUE
8509,TRUE
1598,TRUE
5562,TRUE
2595,TRUE
4261,TRUE
3129,TRUE
2474,TRUE
8121,TRUE
831,TRUE
5795,TRUE
4470,TRUE
5280,TRUE
6525,TRUE
7297,TRUE
953,TRUE
3322,TRUE
5738,TRUE
7960,TRUE
5269,TRUE
1054,TRUE
4026,TRUE
3557,TRUE
7973,TRUE
7185,TRUE
3318,TRUE
3475,TRUE
4658,TRUE
496,TRUE
4295,TRUE
3408,TRUE
239,TRUE
8273,TRUE
7751,TRUE
344,TRUE
2937,TRUE
6105,TRUE
1782,TRUE
7328,TRUE
7169,TRUE
875,TRUE
4655,TRUE
1031,TRUE
4715,TRUE
2163,TRUE
3015,TRUE
3973,TRUE
4526,TRUE
8974,TRUE
7339,TRUE
5669,TRUE
7773,TRUE
1687,TRUE
672,TRUE
8552,TRUE
4330,TRUE
7736,TRUE
1430,TRUE
2651,TRUE
1021,TRUE
3345,TRUE
5235,TRUE
2300,TRUE
6814,TRUE
8052,TRUE
534,TRUE
3046,TRUE
571,TRUE
5629,TRUE
7654,TRUE
4297,TRUE
5636,TRUE
2103,TRUE
5351,TRUE
6306,TRUE
2736,TRUE
3594,TRUE
988,TRUE
871,TRUE
3366,TRUE
8631,TRUE
6015,TRUE
2647,TRUE
1587,TRUE
7259,TRUE
6122,TRUE
7539,TRUE
9882,TRUE
4347,TRUE
4337,TRUE
9874,TRUE
3493,TRUE
4729,TRUE
5393,TRUE
9091,TRUE
699,TRUE
3782,TRUE
8371,TRUE
7474,TRUE
5748,TRUE
1399,TRUE
7352,TRUE
5752,TRUE
7743,TRUE
6092,TRUE
4251,TRUE
8996,TRUE
6586,TRUE
7146,TRUE
7653,TRUE
6739,TRUE
2094,TRUE
2007,TRUE
4877,TRUE
5112,TRUE
9937,TRUE
4515,TRUE
4074,TRUE
816,TRUE
9879,TRUE
9300,TRUE
540,TRUE
8725,TRUE
6485,TRUE
389,TRUE
9207,TRUE
2916,TRUE
8098,TRUE
7085,TRUE
6795,TRUE
1489,TRUE
1884,TRUE
5320,TRUE
4895,TRUE
7390,TRUE
4080,TRUE
9549,TRUE
4445,TRUE
4082,TRUE
6317,TRUE
838,TRUE
7804,TRUE
5727,TRUE
9405,TRUE
1911,TRUE
7248,TRUE
6171,TRUE
2097,TRUE
9835,TRUE
825,TRUE
5848,TRUE
2740,TRUE
8424,TRUE
877,TRUE
4556,TRUE
1751,TRUE
6619,TRUE
163,TRUE
1545,TRUE
106,TRUE
2781,TRUE
7721,TRUE
8748,TRUE
4647,TRUE
2509,TRUE
8373,TRUE
6248,TRUE
7405,TRUE
5870,TRUE
2406,TRUE
8444,TRUE
6307,TRUE
4066,TRUE
4156,TRUE
3519,TRUE
6181,TRUE
258,TRUE
4310,TRUE
8923,TRUE
6192,TRUE
5059,TRUE
8782,TRUE
2830,TRUE
948,TRUE
6401,TRUE
4584,TRUE
4827,TRUE
2086,TRUE
6206,TRUE
9352,TRUE
2079,TRUE
5745,TRUE
7461,TRUE
8573,TRUE
4013,TRUE
1172,TRUE
9563,TRUE
9711,TRUE
7855,TRUE
1456,TRUE
649,TRUE
5476,TRUE
7929,TRUE
4810,TRUE
3488,TRUE
6302,TRUE
4940,TRUE
5293,TRUE
9543,TRUE
4860,TRUE
6291,TRUE
4225,TRUE
4400,TRUE
7501,TRUE
9585,TRUE
1611,TRUE
3126,TRUE
8818,TRUE
5176,TRUE
802,TRUE
3508,TRUE
9177,TRUE
4410,TRUE
2402,TRUE
4948,TRUE
9122,TRUE
8230,TRUE
2459,TRUE
8171,TRUE
8185,TRUE
1434,TRUE
2608,TRUE
7407,TRUE
5046,TRUE
4593,TRUE
4446,TRUE
8026,TRUE
6069,TRUE
1134,TRUE
2440,TRUE
8931,TRUE
7799,TRUE
2110,TRUE
1301,TRUE
4653,TRUE
5622,TRUE
3772,TRUE
1444,TRUE
3172,TRUE
2796,TRUE
7433,TRUE
4419,TRUE
8586,TRUE
427,TRUE
7256,TRUE
952,TRUE
2159,TRUE
1041,TRUE
4712,TRUE
6130,TRUE
2084,TRUE
3675,TRUE
5834,TRUE
7933,TRUE
9935,TRUE
3040,TRUE
8434,TRUE
8954,TRUE
3313,TRUE
7689,TRUE
6741,TRUE
1857,TRUE
4685,TRUE
7598,TRUE
7605,TRUE
7904,TRUE
9594,TRUE
3801,TRUE
2244,TRUE
8808,TRUE
1411,TRUE
9763,TRUE
7555,TRUE
5254,TRUE
4024,TRUE
7722,TRUE
8873,TRUE
4597,TRUE
3713,TRUE
7452,TRUE
4011,TRUE
4994,TRUE
4050,TRUE
9603,TRUE
9127,TRUE
3862,TRUE
2302,TRUE
2473,TRUE
3520,TRUE
5884,TRUE
9572,TRUE
7290,TRUE
574,TRUE
3232,TRUE
7747,TRUE
6537,TRUE
7531,TRUE
949,TRUE
6463,TRUE
6546,TRUE
6981,TRUE
9621,TRUE
8161,TRUE
1057,TRUE
7993,TRUE
1421,TRUE
9094,TRUE
8255,TRUE
3867,TRUE
795,TRUE
8454,TRUE
7941,TRUE
1038,TRUE
9389,TRUE
1039,TRUE
966,TRUE
5898,TRUE
9291,TRUE
7346,TRUE
4287,TRUE
7114,TRUE
4142,TRUE
4873,TRUE
3160,TRUE
1888,TRUE
9992,TRUE
9411,TRUE
479,TRUE
5290,TRUE
9501,TRUE
1836,TRUE
7315,TRUE
1740,TRUE
9490,TRUE
7411,TRUE
9770,TRUE
8539,TRUE
9173,TRUE
2976,TRUE
9081,TRUE
9159,TRUE
5457,TRUE
2889,TRUE
2908,TRUE
6975,TRUE
2232,TRUE
9444,TRUE
5387,TRUE
5002,TRUE
887,TRUE
9999,TRUE
2290,TRUE
4078,TRUE
8043,TRUE
2204,TRUE
8433,TRUE
3037,TRUE
8936,TRUE
3734,TRUE
5982,TRUE
954,TRUE
2460,TRUE
4463,TRUE
1544,TRUE
9113,TRUE
606,TRUE
8507,TRUE
4043,TRUE
2993,TRUE
5012,TRUE
2273,TRUE
2985,TRUE
6849,TRUE
621,TRUE
4836,TRUE
4931,TRUE
987,TRUE
9676,TRUE
2051,TRUE
1658,TRUE
9448,TRUE
8224,TRUE
7443,TRUE
8119,TRUE
1225,TRUE
1707,TRUE
5722,TRUE
2208,TRUE
925,TRUE
8008,TRUE
8992,TRUE
3316,TRUE
8898,TRUE
655,TRUE
2071,TRUE
2552,TRUE
2503,TRUE
4496,TRUE
1180,TRUE
2871,TRUE
2979,TRUE
1704,TRUE
2386,TRUE
3084,TRUE
16,TRUE
7156,TRUE
4585,TRUE
3811,TRUE
6816,TRUE
6274,TRUE
5737,TRUE
8120,TRUE
7926,TRUE
5084,TRUE
3585,TRUE
9304,TRUE
6988,TRUE
8451,TRUE
120,TRUE
1873,TRUE
8580,TRUE
1621,TRUE
7956,TRUE
3244,TRUE
4998,TRUE
1821,TRUE
6541,TRUE
3219,TRUE
4941,TRUE
2211,TRUE
9940,TRUE
1415,TRUE
1521,TRUE
9363,TRUE
2850,TRUE
7668,TRUE
1902,TRUE
4473,TRUE
2299,TRUE
5418,TRUE
7064,TRUE
2140,TRUE
5860,TRUE
5981,TRUE
3996,TRUE
367,TRUE
6655,TRUE
9581,TRUE
2036,TRUE
5630,TRUE
5749,TRUE
7596,TRUE
4292,TRUE
3186,TRUE
603,TRUE
1129,TRUE
3776,TRUE
5336,TRUE
5902,TRUE
8738,TRUE
6189,TRUE
7964,TRUE
455,TRUE
4012,TRUE
5867,TRUE
3591,TRUE
9674,TRUE
1841,TRUE
5083,TRUE
7571,TRUE
3159,TRUE
2270,TRUE
7691,TRUE
928,TRUE
3913,TRUE
697,TRUE
7490,TRUE
8926,TRUE
2840,TRUE
7639,TRUE
4935,TRUE
7376,TRUE
3954,TRUE
8528,TRUE
5342,TRUE
4912,TRUE
5582,TRUE
9406,TRUE
141,TRUE
8999,TRUE
2491,TRUE
3325,TRUE
6168,TRUE
3184,TRUE
9302,TRUE
7963,TRUE
8081,TRUE
3285,TRUE
8865,TRUE
4932,TRUE
5237,TRUE
3877,TRUE
5224,TRUE
6449,TRUE
6536,TRUE
6688,TRUE
665,TRUE
6226,TRUE
7178,TRUE
1059,TRUE
2206,TRUE
6763,TRUE
8867,TRUE
6235,TRUE
9387,TRUE
7599,TRUE
497,TRUE
3803,TRUE
2076,TRUE
7611,TRUE
9643,TRUE
5882,TRUE
1098,TRUE
8476,TRUE
2588,TRUE
4544,TRUE
40,TRUE
3192,TRUE
42,TRUE
1143,TRUE
9510,TRUE
3393,TRUE
8794,TRUE
1019,TRUE
7629,TRUE
7125,TRUE
9746,TRUE
9189,TRUE
8590,TRUE
5664,TRUE
3140,TRUE
7334,TRUE
6734,TRUE
8277,TRUE
145,TRUE
7091,TRUE
5520,TRUE
132,TRUE
9023,TRUE
4119,TRUE
9446,TRUE
6315,TRUE
4312,TRUE
8138,TRUE
5680,TRUE
9274,TRUE
9114,TRUE
8810,TRUE
4614,TRUE
5571,TRUE
7004,TRUE
2803,TRUE
2800,TRUE
2417,TRUE
8711,TRUE
8115,TRUE
8749,TRUE
2006,TRUE
4708,TRUE
2843,TRUE
1967,TRUE
6454,TRUE
9394,TRUE
9064,TRUE
8696,TRUE
7797,TRUE
4509,TRUE
7572,TRUE
7711,TRUE
5296,TRUE
3820,TRUE
4553,TRUE
1736,TRUE
6146,TRUE
6022,TRUE
1959,TRUE
3919,TRUE
21,TRUE
8088,TRUE
8747,TRUE
3414,TRUE
6542,TRUE
4611,TRUE
6114,TRUE
8225,TRUE
1003,TRUE
6223,TRUE
7875,TRUE
4674,TRUE
3531,TRUE
8053,TRUE
6014,TRUE
4805,TRUE
7393,TRUE
7121,TRUE
8843,TRUE
9649,TRUE
2549,TRUE
9624,TRUE
2377,TRUE
1023,TRUE
4567,TRUE
9257,TRUE
4872,TRUE
9614,TRUE
3863,TRUE
4853,TRUE
5817,TRUE
1728,TRUE
7115,TRUE
1770,TRUE
9517,TRUE
3258,TRUE
8368,TRUE
6236,TRUE
8625,TRUE
7149,TRUE
4335,TRUE
8049,TRUE
4003,TRUE
9960,TRUE
7839,TRUE
8023,TRUE
5452,TRUE
2263,TRUE
4185,TRUE
7406,TRUE
1069,TRUE
5827,TRUE
4880,TRUE
1758,TRUE
9457,TRUE
1450,TRUE
1365,TRUE
595,TRUE
4670,TRUE
6035,TRUE
9084,TRUE
6806,TRUE
1436,TRUE
6965,TRUE
6843,TRUE
2189,TRUE
8330,TRUE
6465,TRUE
9283,TRUE
676,TRUE
6436,TRUE
9704,TRUE
2423,TRUE
1148,TRUE
5992,TRUE
6553,TRUE
5740,TRUE
5433,TRUE
5766,TRUE
8317,TRUE
2275,TRUE
3942,TRUE
9397,TRUE
8363,TRUE
3226,TRUE
9790,TRUE
1741,TRUE
2832,TRUE
8560,TRUE
1810,TRUE
3489,TRUE
7953,TRUE
664,TRUE
3671,TRUE
9254,TRUE
9547,TRUE
7224,TRUE
5404,TRUE
5583,TRUE
8661,TRUE
9058,TRUE
7858,TRUE
9440,TRUE
8607,TRUE
5995,TRUE
985,TRUE
922,TRUE
160,TRUE
9333,TRUE
4628,TRUE
4455,TRUE
8714,TRUE
1344,TRUE
3950,TRUE
4057,TRUE
1800,TRUE
1928,TRUE
9227,TRUE
8840,TRUE
3558,TRUE
5013,TRUE
5478,TRUE
8614,TRUE
9665,TRUE
9318,TRUE
7545,TRUE
6851,TRUE
492,TRUE
5494,TRUE
3893,TRUE
35,TRUE
5638,TRUE
5306,TRUE
1563,TRUE
5926,TRUE
7419,TRUE
20,TRUE
1270,TRUE
2026,TRUE
5339,TRUE
8972,TRUE
9217,TRUE
4412,TRUE
6601,TRUE
4577,TRUE
8126,TRUE
9555,TRUE
2511,TRUE
4882,TRUE
6459,TRUE
7768,TRUE
9097,TRUE
4282,TRUE
1071,TRUE
3295,TRUE
4265,TRUE
1435,TRUE
8409,TRUE
6039,TRUE
5758,TRUE
7602,TRUE
2569,TRUE
10,TRUE
8556,TRUE
5023,TRUE
3625,TRUE
5531,TRUE
8349,TRUE
1317,TRUE
7849,TRUE
5635,TRUE
4917,TRUE
8268,TRUE
7713,TRUE
8296,TRUE
5983,TRUE
9794,TRUE
379,TRUE
4047,TRUE
9698,TRUE
6613,TRUE
7758,TRUE
5685,TRUE
7724,TRUE
3977,TRUE
4210,TRUE
5742,TRUE
5736,TRUE
4516,TRUE
3777,TRUE
1912,TRUE
8176,TRUE
9216,TRUE
7548,TRUE
8187,TRUE
5340,TRUE
6583,TRUE
46,TRUE
1410,TRUE
4659,TRUE
9478,TRUE
3978,TRUE
9044,TRUE
3816,TRUE
2372,TRUE
2536,TRUE
2055,TRUE
3635,TRUE
9236,TRUE
5109,TRUE
6477,TRUE
5556,TRUE
2181,TRUE
8673,TRUE
5019,TRUE
5535,TRUE
3900,TRUE
9230,TRUE
7911,TRUE
9427,TRUE
3310,TRUE
4216,TRUE
8339,TRUE
2011,TRUE
7320,TRUE
5239,TRUE
872,TRUE
9584,TRUE
4209,TRUE
1854,TRUE
2378,TRUE
179,TRUE
9429,TRUE
3469,TRUE
4042,TRUE
9407,TRUE
9214,TRUE
4258,TRUE
6478,TRUE
4768,TRUE
3377,TRUE
6991,TRUE
6834,TRUE
6102,TRUE
3937,TRUE
9098,TRUE
1913,TRUE
6858,TRUE
100,TRUE
6344,TRUE
8517,TRUE
1234,TRUE
9049,TRUE
4640,TRUE
1383,TRUE
1285,TRUE
6339,TRUE
7943,TRUE
1766,TRUE
4307,TRUE
168,TRUE
7734,TRUE
623,TRUE
7897,TRUE
8623,TRUE
5989,TRUE
7788,TRUE
6422,TRUE
5705,TRUE
9455,TRUE
3005,TRUE
5837,TRUE
3499,TRUE
1989,TRUE
143,TRUE
9922,TRUE
7329,TRUE
878,TRUE
7446,TRUE
8538,TRUE
9418,TRUE
7767,TRUE
3181,TRUE
7805,TRUE
7473,TRUE
1407,TRUE
4554,TRUE
8518,TRUE
5105,TRUE
1236,TRUE
9675,TRUE
8700,TRUE
9054,TRUE
3696,TRUE
3155,TRUE
8009,TRUE
9211,TRUE
7990,TRUE
7099,TRUE
5652,TRUE
8251,TRUE
38,TRUE
3968,TRUE
4835,TRUE
1874,TRUE
4696,TRUE
3436,TRUE
5690,TRUE
4784,TRUE
5251,TRUE
3607,TRUE
4244,TRUE
994,TRUE
4235,TRUE
3003,TRUE
3751,TRUE
857,TRUE
6745,TRUE
4558,TRUE
3498,TRUE
544,TRUE
3771,TRUE
2346,TRUE
4679,TRUE
2799,TRUE
3300,TRUE
4759,TRUE
8307,TRUE
5942,TRUE
5573,TRUE
8860,TRUE
6354,TRUE
6199,TRUE
1379,TRUE
6897,TRUE
276,TRUE
6342,TRUE
6368,TRUE
8814,TRUE
2866,TRUE
8462,TRUE
9144,TRUE
7083,TRUE
4159,TRUE
791,TRUE
8716,TRUE
7366,TRUE
8338,TRUE
89,TRUE
7506,TRUE
8266,TRUE
2361,TRUE
3564,TRUE
7812,TRUE
8775,TRUE
2787,TRUE
9880,TRUE
7130,TRUE
6587,TRUE
176,TRUE
5624,TRUE
2021,TRUE
7467,TRUE
8112,TRUE
2133,TRUE
5513,TRUE
8413,TRUE
1017,TRUE
421,TRUE
6874,TRUE
1036,TRUE
6987,TRUE
8170,TRUE
9876,TRUE
1670,TRUE
6644,TRUE
7585,TRUE
3191,TRUE
4725,TRUE
1118,TRUE
748,TRUE
4622,TRUE
4733,TRUE
6012,TRUE
6778,TRUE
5122,TRUE
270,TRUE
6212,TRUE
4188,TRUE
8595,TRUE
3909,TRUE
9721,TRUE
7524,TRUE
9458,TRUE
1165,TRUE
7718,TRUE
9371,TRUE
9753,TRUE
2310,TRUE
8202,TRUE
3514,TRUE
6078,TRUE
1005,TRUE
2432,TRUE
6632,TRUE
4542,TRUE
9619,TRUE
8141,TRUE
9096,TRUE
6388,TRUE
2812,TRUE
2929,TRUE
909,TRUE
894,TRUE
6578,TRUE
4971,TRUE
8766,TRUE
4938,TRUE
5227,TRUE
8893,TRUE
2436,TRUE
6832,TRUE
3336,TRUE
173,TRUE
7573,TRUE
434,TRUE
3620,TRUE
9441,TRUE
9476,TRUE
7266,TRUE
4995,TRUE
7515,TRUE
2858,TRUE
9219,TRUE
4023,TRUE
4468,TRUE
8379,TRUE
2531,TRUE
316,TRUE
7840,TRUE
1679,TRUE
7201,TRUE
9592,TRUE
1511,TRUE
6494,TRUE
405,TRUE
7342,TRUE
3810,TRUE
5928,TRUE
4618,TRUE
1982,TRUE
9370,TRUE
1470,TRUE
3426,TRUE
1282,TRUE
6953,TRUE
6091,TRUE
6483,TRUE
6692,TRUE
6800,TRUE
8567,TRUE
789,TRUE
5516,TRUE
7195,TRUE
5356,TRUE
4353,TRUE
3718,TRUE
7717,TRUE
6252,TRUE
9741,TRUE
598,TRUE
538,TRUE
4366,TRUE
9402,TRUE
5699,TRUE
8482,TRUE
8423,TRUE
7847,TRUE
841,TRUE
2005,TRUE
8470,TRUE
8280,TRUE
9107,TRUE
5532,TRUE
8983,TRUE
3000,TRUE
4423,TRUE
1351,TRUE
5415,TRUE
6549,TRUE
1922,TRUE
3789,TRUE
6334,TRUE
4561,TRUE
7059,TRUE
1294,TRUE
7504,TRUE
1749,TRUE
4191,TRUE
6160,TRUE
6918,TRUE
2576,TRUE
1110,TRUE
78,TRUE
2961,TRUE
7066,TRUE
695,TRUE
9073,TRUE
1146,TRUE
1458,TRUE
9349,TRUE
6333,TRUE
6032,TRUE
9311,TRUE
9019,TRUE
1491,TRUE
4123,TRUE
8002,TRUE
4996,TRUE
3319,TRUE
4898,TRUE
4605,TRUE
764,TRUE
5045,TRUE
4907,TRUE
1962,TRUE
4358,TRUE
5267,TRUE
6338,TRUE
4511,TRUE
5515,TRUE
8998,TRUE
6140,TRUE
230,TRUE
4213,TRUE
400,TRUE
5777,TRUE
7299,TRUE
8991,TRUE
36,TRUE
5079,TRUE
2480,TRUE
247,TRUE
9119,TRUE
1684,TRUE
6989,TRUE
4367,TRUE
8988,TRUE
4275,TRUE
5536,TRUE
3378,TRUE
3233,TRUE
7369,TRUE
5802,TRUE
2498,TRUE
6551,TRUE
9001,TRUE
6878,TRUE
8114,TRUE
7223,TRUE
3216,TRUE
7280,TRUE
8847,TRUE
5820,TRUE
8261,TRUE
9671,TRUE
8622,TRUE
2877,TRUE
4728,TRUE
3359,TRUE
3418,TRUE
7633,TRUE
5363,TRUE
3150,TRUE
2802,TRUE
6138,TRUE
6522,TRUE
2355,TRUE
1562,TRUE
1905,TRUE
3785,TRUE
6029,TRUE
5207,TRUE
8076,TRUE
9221,TRUE
6362,TRUE
5481,TRUE
9029,TRUE
9368,TRUE
252,TRUE
1677,TRUE
5378,TRUE
5364,TRUE
6462,TRUE
216,TRUE
1645,TRUE
415,TRUE
2829,TRUE
5892,TRUE
6685,TRUE
6914,TRUE
1352,TRUE
3072,TRUE
3515,TRUE
9392,TRUE
6475,TRUE
5123,TRUE
3082,TRUE
916,TRUE
4702,TRUE
6073,TRUE
6366,TRUE
9616,TRUE
5204,TRUE
7746,TRUE
8467,TRUE
7786,TRUE
6311,TRUE
9,TRUE
4143,TRUE
7089,TRUE
817,TRUE
9970,TRUE
2875,TRUE
4689,TRUE
7190,TRUE
6860,TRUE
7856,TRUE
7113,TRUE
2953,TRUE
3677,TRUE
54,TRUE
8613,TRUE
3834,TRUE
28,TRUE
6740,TRUE
7692,TRUE
7048,TRUE
1153,TRUE
1739,TRUE
3798,TRUE
4879,TRUE
7700,TRUE
8056,TRUE
5900,TRUE
9495,TRUE
3229,TRUE
7980,TRUE
2019,TRUE
4592,TRUE
5819,TRUE
6903,TRUE
5242,TRUE
8506,TRUE
3814,TRUE
3253,TRUE
9907,TRUE
6676,TRUE
9511,TRUE
774,TRUE
7984,TRUE
9943,TRUE
5032,TRUE
4447,TRUE
5273,TRUE
9350,TRUE
6424,TRUE
3688,TRUE
4508,TRUE
3551,TRUE
4437,TRUE
4846,TRUE
605,TRUE
292,TRUE
4083,TRUE
265,TRUE
2010,TRUE
6961,TRUE
7832,TRUE
8287,TRUE
2913,TRUE
1584,TRUE
3483,TRUE
6065,TRUE
3898,TRUE
3821,TRUE
3199,TRUE
9559,TRUE
5958,TRUE
9364,TRUE
5922,TRUE
818,TRUE
9608,TRUE
4681,TRUE
3068,TRUE
9622,TRUE
9315,TRUE
9317,TRUE
2023,TRUE
5654,TRUE
6683,TRUE
9252,TRUE
9609,TRUE
2998,TRUE
6669,TRUE
5890,TRUE
9186,TRUE
4939,TRUE
1357,TRUE
2180,TRUE
2484,TRUE
2586,TRUE
1682,TRUE
4977,TRUE
590,TRUE
2938,TRUE
5789,TRUE
4321,TRUE
1175,TRUE
8455,TRUE
7101,TRUE
4915,TRUE
7388,TRUE
3879,TRUE
8092,TRUE
9071,TRUE
2249,TRUE
5746,TRUE
7253,TRUE
7888,TRUE
3659,TRUE
5358,TRUE
9086,TRUE
8392,TRUE
8906,TRUE
1808,TRUE
8680,TRUE
5895,TRUE
6701,TRUE
812,TRUE
5569,TRUE
5305,TRUE
7404,TRUE
7385,TRUE
5377,TRUE
4600,TRUE
2526,TRUE
2779,TRUE
6901,TRUE
3301,TRUE
2681,TRUE
8917,TRUE
6677,TRUE
1578,TRUE
4578,TRUE
9150,TRUE
8438,TRUE
2572,TRUE
9869,TRUE
7516,TRUE
2563,TRUE
2700,TRUE
2567,TRUE
3114,TRUE
5876,TRUE
3078,TRUE
1131,TRUE
8616,TRUE
8522,TRUE
2622,TRUE
6173,TRUE
3456,TRUE
9454,TRUE
6579,TRUE
865,TRUE
7154,TRUE
7908,TRUE
2940,TRUE
907,TRUE
9265,TRUE
5793,TRUE
1921,TRUE
8348,TRUE
1117,TRUE
4847,TRUE
3533,TRUE
8181,TRUE
2688,TRUE
5910,TRUE
1394,TRUE
5447,TRUE
6443,TRUE
567,TRUE
8103,TRUE
3567,TRUE
1056,TRUE
8950,TRUE
2407,TRUE
7673,TRUE
8011,TRUE
4884,TRUE
8968,TRUE
201,TRUE
1894,TRUE
4946,TRUE
1708,TRUE
1124,TRUE
4076,TRUE
927,TRUE
288,TRUE
6597,TRUE
1163,TRUE
2139,TRUE
6706,TRUE
180,TRUE
3526,TRUE
4520,TRUE
9928,TRUE
7697,TRUE
7395,TRUE
5166,TRUE
711,TRUE
1002,TRUE
9534,TRUE
8229,TRUE
399,TRUE
221,TRUE
1788,TRUE
8313,TRUE
104,TRUE
2003,TRUE
4625,TRUE
4892,TRUE
2292,TRUE
1095,TRUE
9103,TRUE
7815,TRUE
503,TRUE
6409,TRUE
5723,TRUE
8836,TRUE
3261,TRUE
4346,TRUE
7032,TRUE
935,TRUE
618,TRUE
8557,TRUE
7958,TRUE
3887,TRUE
60,TRUE
1490,TRUE
4371,TRUE
4878,TRUE
8145,TRUE
8759,TRUE
8425,TRUE
8908,TRUE
5510,TRUE
3555,TRUE
8612,TRUE
456,TRUE
686,TRUE
8376,TRUE
275,TRUE
4440,TRUE
5944,TRUE
360,TRUE
9830,TRUE
933,TRUE
2301,TRUE
2725,TRUE
4434,TRUE
5244,TRUE
8768,TRUE
9145,TRUE
712,TRUE
9634,TRUE
7230,TRUE
8943,TRUE
5036,TRUE
1251,TRUE
807,TRUE
8191,TRUE
2896,TRUE
7566,TRUE
1343,TRUE
8929,TRUE
9451,TRUE
7526,TRUE
264,TRUE
5871,TRUE
6280,TRUE
1403,TRUE
8888,TRUE
9788,TRUE
1203,TRUE
3562,TRUE
1414,TRUE
2239,TRUE
4373,TRUE
9474,TRUE
741,TRUE
3791,TRUE
5971,TRUE
3638,TRUE
7857,TRUE
2943,TRUE
4344,TRUE
8257,TRUE
4452,TRUE
7141,TRUE
5301,TRUE
3528,TRUE
577,TRUE
2709,TRUE
2245,TRUE
1376,TRUE
5284,TRUE
1280,TRUE
4148,TRUE
3059,TRUE
8921,TRUE
55,TRUE
5135,TRUE
4517,TRUE
6877,TRUE
4771,TRUE
1468,TRUE
7303,TRUE
1777,TRUE
7777,TRUE
584,TRUE
7762,TRUE
6750,TRUE
7325,TRUE
7896,TRUE
284,TRUE
8549,TRUE
3296,TRUE
9755,TRUE
144,TRUE
2609,TRUE
8620,TRUE
9669,TRUE
5626,TRUE
3430,TRUE
3652,TRUE
9055,TRUE
6791,TRUE
4034,TRUE
2445,TRUE
7180,TRUE
3617,TRUE
6881,TRUE
418,TRUE
8903,TRUE
8806,TRUE
9102,TRUE
2246,TRUE
290,TRUE
3104,TRUE
7775,TRUE
4000,TRUE
8866,TRUE
4320,TRUE
8892,TRUE
8359,TRUE
9238,TRUE
997,TRUE
3167,TRUE
7922,TRUE
1445,TRUE
5589,TRUE
296,TRUE
7082,TRUE
6524,TRUE
8227,TRUE
9345,TRUE
1825,TRUE
1311,TRUE
300,TRUE
770,TRUE
4,TRUE
7546,TRUE
8513,TRUE
926,TRUE
325,TRUE
5830,TRUE
7035,TRUE
2441,TRUE
7179,TRUE
9599,TRUE
9533,TRUE
6103,TRUE
8879,TRUE
7665,TRUE
4850,TRUE
989,TRUE
2868,TRUE
9994,TRUE
8090,TRUE
5357,TRUE
896,TRUE
6165,TRUE
3932,TRUE
251,TRUE
8133,TRUE
3727,TRUE
2061,TRUE
2690,TRUE
5463,TRUE
7983,TRUE
1785,TRUE
2115,TRUE
586,TRUE
3818,TRUE
256,TRUE
727,TRUE
4126,TRUE
6709,TRUE
4803,TRUE
7449,TRUE
8626,TRUE
6151,TRUE
7161,TRUE
4512,TRUE
2977,TRUE
2790,TRUE
1954,TRUE
9904,TRUE
8005,TRUE
6735,TRUE
7278,TRUE
4732,TRUE
5052,TRUE
1869,TRUE
6204,TRUE
4182,TRUE
9074,TRUE
9294,TRUE
7122,TRUE
2823,TRUE
3467,TRUE
7056,TRUE
4421,TRUE
5258,TRUE
4161,TRUE
8715,TRUE
863,TRUE
1350,TRUE
446,TRUE
2353,TRUE
5581,TRUE
2156,TRUE
4207,TRUE
7399,TRUE
792,TRUE
7688,TRUE
5986,TRUE
2512,TRUE
3403,TRUE
277,TRUE
4624,TRUE
8305,TRUE
6904,TRUE
9426,TRUE
1941,TRUE
1115,TRUE
4009,TRUE
8134,TRUE
7772,TRUE
4580,TRUE
8256,TRUE
6300,TRUE
2288,TRUE
5541,TRUE
9259,TRUE
3477,TRUE
6406,TRUE
